{
    "acceleration": {
        "A": 1500,
        "B": 200,
        "C": 200,
        "X": 3000,
        "Y": 2000,
        "Z": 1500
    },
    "default_current": {
        "A": 0.8,
        "B": 0.05,
        "C": 0.05,
        "X": 1.25,
        "Y": 1.25,
        "Z": 0.8
    },
    "default_max_speed": {
        "A": 125,
        "B": 40,
        "C": 40,
        "X": 600,
        "Y": 400,
        "Z": 125
    },
    "default_pipette_configs": {
        "homePosition": 220,
        "maxTravel": 30,
        "stepsPerMM": 768
    },
    "gantry_steps_per_mm": {
        "A": 400,
        "X": 80.0,
        "Y": 80.0,
        "Z": 400
    },
    "high_current": {
        "A": 0.8,
        "B": 0.5,
        "C": 0.5,
        "X": 1.25,
        "Y": 1.25,
        "Z": 0.8
    },
    "instrument_offset": {
        "left": {
            "multi": [
                -1.287455687855413,
                -0.23561554671431395,
                -2.2330000000000183
            ],
            "single": [
                -1.7886079041154517,
                0.32086276627364896,
                -1.6440000000000197
            ]
        },
        "right": {
            "multi": [
                0.4953178806141523,
                1.0615003371297007,
                -2.561000000000007
            ],
            "single": [
                0.2815833732571491,
                1.9860622896941322,
                -2.5860000000000127
            ]
        }
    },
    "log_level": "INFO",
    "low_current": {
        "A": 0.1,
        "B": 0.05,
        "C": 0.05,
        "X": 0.3,
        "Y": 0.3,
        "Z": 0.1
    },
    "mount_offset": [
        -34,
        0,
        0
    ],
    "name": "Ada Lovelace",
    "serial_speed": 115200,
    "steps_per_mm": "M92 X80.00 Y80.00 Z400 A400 B768 C768",
    "tip_length": {
        "Pipette": 51.7,
        "p10_multi_v1": 33.745000000000005,
        "p10_single_v1": 34.55000000000001,
        "p300_multi_v1.5": 51.91000000000001,
        "p300_single_v1.4": 51.44800000000002,
        "p300_single_v1.5": 51.59800000000001
    },
    "tip_probe": {
        "bounce_distance": 5.0,
        "center": [
            293.4843253085927,
            301.00501031231147,
            73.38999999999999
        ],
        "dimensions": [
            35.0,
            40.0,
            79.3
        ],
        "switch_clearance": 15,
        "switch_offset": [
            2.0,
            5.0,
            5.0
        ],
        "z_clearance": {
            "crossover": 35,
            "deck": 5.0,
            "normal": 5.0,
            "start": 20
        }
    },
    "version": 3,
    "z_retract_distance": 2
}